modelo,acuracia,precisao,recall,f1_score,verdadeiro_negativo,falso_positivo,falso_negativo,verdadeiro_positivo
arvore_decisao,0.556115259969001,0.07969170906914097,0.7790782735918069,0.14459303509605595,14722,12299,302,1065
rede_neural_mlp,0.9519867549668874,1.0,0.002926115581565472,0.005835156819839533,27021,0,1363,4
